,Accession,ID,Description,Seq_length,Evalue,Bitscore,Tot_aln_span,Identity,Accession_version,Organism,Taxonomy,Taxon,Nuc_sequence,Protein_ID,Prot_sequence
0,NM_003140,gi|1653960407|ref|NM_003140.3|,"Homo sapiens sex determining region Y (SRY), mRNA",828,0.0,1494.48,828,100.0,NM_003140.3,Homo sapiens,Eukaryota; Metazoa; Chordata; Craniata; Vertebrata; Euteleostomi; Mammalia; Eutheria; Euarchontoglires; Primates; Haplorrhini; Catarrhini; Hominidae; Homo,taxon:9606,agaagtgagttttggatagtaaaataagtttcgaactctggcacctttcaattttgtcgcactctccttgtttttgacaatgcaatcatatgcttctgctatgttaagcgtattcaacagcgatgattacagtccagctgtgcaagagaatattcccgctctccggagaagctcttccttcctttgcactgaaagctgtaactctaagtatcagtgtgaaacgggagaaaacagtaaaggcaacgtccaggatagagtgaagcgacccatgaacgcattcatcgtgtggtctcgcgatcagaggcgcaagatggctctagagaatcccagaatgcgaaactcagagatcagcaagcagctgggataccagtggaaaatgcttactgaagccgaaaaatggccattcttccaggaggcacagaaattacaggccatgcacagagagaaatacccgaattataagtatcgacctcgtcggaaggcgaagatgctgccgaagaattgcagtttgcttcccgcagatcccgcttcggtactctgcagcgaagtgcaactggacaacaggttgtacagggatgactgtacgaaagccacacactcaagaatggagcaccagctaggccacttaccgcccatcaacgcagccagctcaccgcagcaacgggaccgctacagccactggacaaagctgtaggacaatcgggtaacattggctacaaagacctacctagatgctcctttttacgataacttacagccctcactttcttatgtttagtttcaatattgttttcttttctctggctaataaaggccttattcatttca,NP_003131.1,MQSYASAMLSVFNSDDYSPAVQENIPALRRSSSFLCTESCNSKYQCETGENSKGNVQDRVKRPMNAFIVWSRDQRRKMALENPRMRNSEISKQLGYQWKMLTEAEKWPFFQEAQKLQAMHREKYPNYKYRPRRKAKMLPKNCSLLPADPASVLCSEVQLDNRLYRDDCTKATHSRMEHQLGHLPPINAASSPQQRDRYSHWTKL
1,BC074924,gi|50959829|gb|BC074924.2|,"Homo sapiens sex determining region Y, mRNA (cDNA clone MGC:104040 IMAGE:30915485), complete cds",673,0.0,1214.95,673,100.0,BC074924.2,Homo sapiens,Eukaryota; Metazoa; Chordata; Craniata; Vertebrata; Euteleostomi; Mammalia; Eutheria; Euarchontoglires; Primates; Haplorrhini; Catarrhini; Hominidae; Homo,taxon:9606,cacctttcaattttgtcgcactctccttgtttttgacaatgcaatcatatgcttctgctatgttaagcgtattcaacagcgatgattacagtccagctgtgcaagagaatattcccgctctccggagaagctcttccttcctttgcactgaaagctgtaactctaagtatcagtgtgaaacgggagaaaacagtaaaggcaacgtccaggatagagtgaagcgacccatgaacgcattcatcgtgtggtctcgcgatcagaggcgcaagatggctctagagaatcccagaatgcgaaactcagagatcagcaagcagctgggataccagtggaaaatgcttactgaagccgaaaaatggccattcttccaggaggcacagaaattacaggccatgcacagagagaaatacccgaattataagtatcgacctcgtcggaaggcgaagatgctgccgaagaattgcagtttgcttcccgcagatcccgcttcggtactctgcagcgaagtgcaactggacaacaggttgtacagggatgactgtacgaaagccacacactcaagaatggagcaccagctaggccacttaccgcccatcaacgcagccagctcaccgcagcaacgggaccgctacagccactggacaaagctgtaggacaatcgggtaacattggc,AAH74924.1,MQSYASAMLSVFNSDDYSPAVQENIPALRRSSSFLCTESCNSKYQCETGENSKGNVQDRVKRPMNAFIVWSRDQRRKMALENPRMRNSEISKQLGYQWKMLTEAEKWPFFQEAQKLQAMHREKYPNYKYRPRRKAKMLPKNCSLLPADPASVLCSEVQLDNRLYRDDCTKATHSRMEHQLGHLPPINAASSPQQRDRYSHWTKL
2,AM884747,gi|157310117|emb|AM884747.1|,"Homo sapiens SRY gene for sex determining region Y, isolate MT70P9",615,0.0,1110.36,615,100.0,AM884747.1,Homo sapiens,Eukaryota; Metazoa; Chordata; Craniata; Vertebrata; Euteleostomi; Mammalia; Eutheria; Euarchontoglires; Primates; Haplorrhini; Catarrhini; Hominidae; Homo,taxon:9606,atgcaatcatatgcttctgctatgttaagcgtattcaacagcgatgattacagtccagctgtgcaagagaatattcccgctctccggagaagctcttccttcctttgcactgaaagctgtaactctaagtatcagtgtgaaacgggagaaaacagtaaaggcaacgtccaggatagagtgaagcgacccatgaacgcattcatcgtgtggtctcgcgatcagaggcgcaagatggctctagagaatcccagaatgcgaaactcagagatcagcaagcagctgggataccagtggaaaatgcttactgaagccgaaaaatggccattcttccaggaggcacagaaattacaggccatgcacagagagaaatacccgaattataagtatcgacctcgtcggaaggcgaagatgctgccgaagaattgcagtttgcttcccgcagatcccgcttcggtactctgcagcgaagtgcaactggacaacaggttgtacagggatgactgtacgaaagccacacactcaagaatggagcaccagctaggccacttaccgcccatcaacgcagccagctcaccgcagcaacgggaccgctacagccactggacaaagctgtag,CAP05198.1,MQSYASAMLSVFNSDDYSPAVQENIPALRRSSSFLCTESCNSKYQCETGENSKGNVQDRVKRPMNAFIVWSRDQRRKMALENPRMRNSEISKQLGYQWKMLTEAEKWPFFQEAQKLQAMHREKYPNYKYRPRRKAKMLPKNCSLLPADPASVLCSEVQLDNRLYRDDCTKATHSRMEHQLGHLPPINAASSPQQRDRYSHWTKL
3,XM_024354057,gi|1367102383|ref|XM_024354057.1|,"PREDICTED: Pan troglodytes sex-determining region Y protein (LOC112208081), mRNA",842,0.0,1449.39,828,98.337,XM_024354057.1,Pan troglodytes,Eukaryota; Metazoa; Chordata; Craniata; Vertebrata; Euteleostomi; Mammalia; Eutheria; Euarchontoglires; Primates; Haplorrhini; Catarrhini; Hominidae; Pan,taxon:9598,acaaagaacctggtagaagtgagttttggatagtaaaataagtttcgaactctggcacctttaaattttgtcgcaccctccttgtttttgacaatgcaatcatatgcttctgctatgttaagcgtattcaacagcgatgattacagtccagctgtgcaacagaatattcccgctctccggagaagctcttccttcctttgcactgaaagctataactctaagtatcagcgtgaaacgggagaaaacagtaaagatagcgtccaggatagagtgaagcgacccatgaacgcattcttcgtgtggtctcgcgatcagaggcgcaagatggctctagagaatcccagaatgcgaaactcagagatcagcaagcagctgggataccagtggaaaatgcttactgaagccgaaaaatggccattcttccaggaggcacagaaattacaggccatgcacagagagaaatacccgaattataagtatcgacctcgtcggaaggcgaacatgctgccgaagaattgcagtttgcttcccgcagatcccgcttcggtactctgcagcgaagtgcaactggacaacaggttgtacagggatgactgtacgaaagccacacactcaagaatggagcaccagctaggccacttaccgcccatcaacgcagccagctcaccgcagcaacgggaccgctacagccactggacaaagctgtaggacaatcgggtaacattggctacaaagacctacctagatgctcctttttacgataacttacagccctcactttcttatgtttagtttcaatattgttttcttttctctggctaataaaggccttattcatttca,XP_024209825.1,MQSYASAMLSVFNSDDYSPAVQQNIPALRRSSSFLCTESYNSKYQRETGENSKDSVQDRVKRPMNAFFVWSRDQRRKMALENPRMRNSEISKQLGYQWKMLTEAEKWPFFQEAQKLQAMHREKYPNYKYRPRRKANMLPKNCSLLPADPASVLCSEVQLDNRLYRDDCTKATHSRMEHQLGHLPPINAASSPQQRDRYSHWTKL
4,NM_001008988,gi|57113870|ref|NM_001008988.1|,"Pan troglodytes sex determining region Y (SRY), mRNA",910,0.0,1425.95,815,89.56,NM_001008988.1,Pan troglodytes,Eukaryota; Metazoa; Chordata; Craniata; Vertebrata; Euteleostomi; Mammalia; Eutheria; Euarchontoglires; Primates; Haplorrhini; Catarrhini; Hominidae; Pan,taxon:9598,actagggggtaggctggttgggaggggttgagggggtgttgagggcggagaaatgaaagtttcattacaaaagttaacgtaacaaagaacctggtagaagtgagttttggatagtaaaataagtttcgaactctggcacctttaaattttgtcgcaccctccttgtttttgacaatgcaatcatatgcttctgctatgttaagcgtattcaacagcgatgattacagtccagctgtgcaacagaatattcccgctctccggagaagctcttccttcctttgcactgaaagctataactctaagtatcagcgtgaaacgggagaaaacagtaaagatagcgtccaggatagagtgaagcgacccatgaacgcattcttcgtgtggtctcgcgatcagaggcgcaagatggctctagagaatcccagaatgcgaaactcagagatcagcaagcagctgggataccagtggaaaatgcttactgaagccgaaaaatggccattcttccaggaggcacagaaattacaggccatgcacagagagaaatacccgaattataagtatcgacctcgtcggaaggcgaacatgctgccgaagaattgcagtttgcttcccgcagatcccgcttcggtactctgcagcgaagtgcaactggacaacaggttgtacagggatgactgtacgaaagccacacactcaagaatggagcaccagctaggccacttaccgcccatcaacgcagccagctcaccgcagcaacgggaccgctacagccactggacaaagctgtaggacaatcgggtaacattggctacaaagacctacctagatgctcctttttacgataacttacagccctcactttcttatgtttagtttcaatattgttttcttttctctggctaataaaggc,NP_001008988.1,MQSYASAMLSVFNSDDYSPAVQQNIPALRRSSSFLCTESYNSKYQRETGENSKDSVQDRVKRPMNAFFVWSRDQRRKMALENPRMRNSEISKQLGYQWKMLTEAEKWPFFQEAQKLQAMHREKYPNYKYRPRRKANMLPKNCSLLPADPASVLCSEVQLDNRLYRDDCTKATHSRMEHQLGHLPPINAASSPQQRDRYSHWTKL
5,JF293177,gi|323530744|gb|JF293177.1|,"Pan troglodytes sex-determining region Y protein (SRY) gene, partial cds",782,0.0,1200.53,690,88.235,JF293177.1,Pan troglodytes,Eukaryota; Metazoa; Chordata; Craniata; Vertebrata; Euteleostomi; Mammalia; Eutheria; Euarchontoglires; Primates; Haplorrhini; Catarrhini; Hominidae; Pan,taxon:9598,agggggtaggctggttgggaggggttgagggggtgttgagggcggagaaatgaaagtttcattacaaaagttaacgtaacaaagaacctggtagaagtgagttttggatagtaaaataagtttcgaactctggcacctttaaattttgtcgcaccctccttgtttttgacaatgcaatcatatgcttctgctatgttaagcgtattcaacagcgatgattacagtccagctgtgcaacagaatattcccgctctccggagaagctcttccttcctttgcactgaaagctataactctaagtatcagcgtgaaacgggagaaaacagtaaagatagcgtccaggatagagtgaagcgacccatgaacgcattcttcgtgtggtctcgcgatcagaggcgcaagatggctctagagaatcccagaatgcgaaactcagagatcagcaagcagctgggataccagtggaaaatgcttactgaagccgaaaaatggccattcttccaggaggcacagaaattacaggccatgcacagagagaaatacccgaattataagtatcgacctcgtcggaaggcgaacatgctgccgaagaattgcagtttgcttcccgcagatcccgcttcggtactctgcagcgaagtgcaactggacaacaggttgtacagggatgactgtacgaaagccacacactcaagaatggagcaccagctaggccacttaccgcccatcaacgcagccagctcaccgcagcaacgggaccgctacagccactggacaaagct,ADX95828.1,MQSYASAMLSVFNSDDYSPAVQQNIPALRRSSSFLCTESYNSKYQRETGENSKDSVQDRVKRPMNAFFVWSRDQRRKMALENPRMRNSEISKQLGYQWKMLTEAEKWPFFQEAQKLQAMHREKYPNYKYRPRRKANMLPKNCSLLPADPASVLCSEVQLDNRLYRDDCTKATHSRMEHQLGHLPPINAASSPQQRDRYSHWTKL
6,DQ977198,gi|121483877|gb|DQ977198.1|,"Pan paniscus SRY (SRY) gene, complete cds",1129,0.0,1422.34,828,73.339,DQ977198.1,Pan paniscus,Eukaryota; Metazoa; Chordata; Craniata; Vertebrata; Euteleostomi; Mammalia; Eutheria; Euarchontoglires; Primates; Haplorrhini; Catarrhini; Hominidae; Pan,taxon:9597,tcagcagggcaagtagtcaatgttactgaattaccatgttttgcttgagaatgaatacattgtcagggcactagggggtaggctggttgggaggggttgagggggtgttgagggcggagaaatgaaagtttcattacaaaagttaacgtaacaaagaacctggtagaagtgagttttggatagtaaaataagtttggaactctggcacctttaaattttgtcgaaccctcgttgtttttgacaatgcaatcatatgcttctgctatgttaagcgtattcaacagcgatgattacagtccaggtgtgcaacagaatattcccgctctccggagaagctcttccttcctttgcactgaaagctataactctaagtatcagcgtgaaacgggagaaaacagtaaagacagcgtccaggatagagtgaagcgacccatgaacgcattcttcgtgtggtctcgcgatcagaggcgcaagatggctctagagaatcccagaatgcgaaactcagagatcagcaagcagctgggataccagtggaaaatgcttactgcagccgaaaaatggccattcttccaggaggcacagaaattacaggccatgcacagagagaaatacccgaattataagtatcgacctcgtcggaaggcgaacatgctgccgaagaattgcagtttgcttcccgcagatcccgcttcggtactctgcagcgaagtgcaactggacaacaggttgtacagggatgactgtacgaaagccacacactcaacaatggagcaccagctaggccacttaccgcccatcaacgcagccagctcaccgcagcaacgggaccgctgcagccactggacaaagctgtaggacaatcgggtaacattggctacaaagacctacctagatgctcctttttacgataacttacagccctcactttcttatgtttagtttcaatattgttttcttttctctggctaataaaggccttattcatttcagctttactggtatttcattttaaacttaatttcaagacaagttgtgtcaacacgattaacatgcaaagaaataagacatccagaagtgaccctgcctatgtttgtggccgtcagactactaacttgatacaaacgga,ABM54238.1,MQSYASAMLSVFNSDDYSPGVQQNIPALRRSSSFLCTESYNSKYQRETGENSKDSVQDRVKRPMNAFFVWSRDQRRKMALENPRMRNSEISKQLGYQWKMLTAAEKWPFFQEAQKLQAMHREKYPNYKYRPRRKANMLPKNCSLLPADPASVLCSEVQLDNRLYRDDCTKATHSTMEHQLGHLPPINAASSPQQRDRCSHWTKL
7,XM_032756524,gi|1820546190|ref|XM_032756524.1|,"PREDICTED: Hylobates moloch sex determining region Y (SRY), mRNA",833,0.0,1361.93,822,98.679,XM_032756524.1,Hylobates moloch,Eukaryota; Metazoa; Chordata; Craniata; Vertebrata; Euteleostomi; Mammalia; Eutheria; Euarchontoglires; Primates; Haplorrhini; Catarrhini; Hylobatidae; Hylobates,taxon:81572,aagaatctggcagaagtgagttttggatagtaaaataagttttgaactctggcacctttcaattttgtcgcatcctccttgtttttgacaatgcaatcatatgcttctgctatgttaagcgtattcaacagtgattattacagtccagctgtgcaacagaatactcccgctctccggagaagctcttccttcatttgcactgaaagctgtaactctaagtatccgtgtgaaacgggagaaaacagtaaagtcagcgtccagcatagagtgaagcgacccatgaacgcattcatcgtgtggtctcgcgatcagaggcgcaagatggctctagagaatcccaaaatgcgaaactcagaaatcagcaagcagctgggataccagtggaaaatgcttactgaagccgaaaaatggccattcttccaggaggcacagaaactacaggccatgcacagagagaaatacccaaattataagtatcgacctcgtcggaaggcgaagatgctgcagaagagttgcagtttgcttcctgcagattccgcttcggtactctgcagcaaagtgcaactggacaacaggttgtacagggatgactgtacaaaagccacacactcaagaatggagcaccagctaggccacttaccgcccatcaacacagccagctcaccgcagcaacaggaccactacagccactcgacgaagctgtaggacaatcgggtaacattggctacaaagacctacctagatgctcctttttacgataacttacagccctcactttcttatgtttagtttcaatattgttttcttttctctggctaataaaggccttattc,XP_032612415.1,MQSYASAMLSVFNSDYYSPAVQQNTPALRRSSSFICTESCNSKYPCETGENSKVSVQHRVKRPMNAFIVWSRDQRRKMALENPKMRNSEISKQLGYQWKMLTEAEKWPFFQEAQKLQAMHREKYPNYKYRPRRKAKMLQKSCSLLPADSASVLCSKVQLDNRLYRDDCTKATHSRMEHQLGHLPPINTASSPQQQDHYSHSTKL
8,XM_010369191,gi|1751267336|ref|XM_010369191.2|,"PREDICTED: Rhinopithecus roxellana sex determining region Y (SRY), mRNA",825,0.0,1228.48,820,98.667,XM_010369191.2,Rhinopithecus roxellana,Eukaryota; Metazoa; Chordata; Craniata; Vertebrata; Euteleostomi; Mammalia; Eutheria; Euarchontoglires; Primates; Haplorrhini; Catarrhini; Cercopithecidae; Colobinae; Rhinopithecus,taxon:61622,gagaatctggtagaagtaagttttggatagttaattaagtttccaaatctggcacctttcagttttgtcgcaccctccttgtttttgacaatgcaatcatatgcttctgctatgttaagcgtatttaacactgatgattacagtccagctgcgcaacagaacgttcctgctctccggagaagctcttccttcatttgcactgaaagctgtagctctaagtatcggtgtgaagcaggagaaaacagtaaaggcagcgtccaggatagagtgaagcgacccatgaacgcattcattgtgtggtctcgcgatcagaggcgcaagatggctctagagaatcccaaaatgctaaactcagagatcagcaagcagctgggataccagtggaaaatgcttaccgaagccgataaacggccattcttccaggaggcacagaaactacaggccatgcatagagagaaatacccgaattataagtatcgacctcgtcggaaggcgaagatgctgcaaaacagttgcagtttgcttcccgcagatccttcttcggtactctgcagagaaatggaactggacaacagattgtacagggatgactgtatcaaagccacacactcaagaatgcagctaggccacttaccgcccatcaacacagccagctcaccgcagcaacgggaccgctacagccactcgacaaagctgtaggacaatcgggtaacactggctacaaagacctatgtagatgctcgtttttacggtaacttacagccctcactttcttatgtttagtttcaatattgttttcttttctctgactaataaaggtcttat,XP_010367493.1,MQSYASAMLSVFNTDDYSPAAQQNVPALRRSSSFICTESCSSKYRCEAGENSKGSVQDRVKRPMNAFIVWSRDQRRKMALENPKMLNSEISKQLGYQWKMLTEADKRPFFQEAQKLQAMHREKYPNYKYRPRRKAKMLQNSCSLLPADPSSVLCREMELDNRLYRDDCIKATHSRMQLGHLPPINTASSPQQRDRYSHSTKL
9,X86383,gi|785024|emb|X86383.1|,P.pygmaeus SRY gene,702,0.0,1175.28,702,99.573,X86383.1,Pongo pygmaeus,Eukaryota; Metazoa; Chordata; Craniata; Vertebrata; Euteleostomi; Mammalia; Eutheria; Euarchontoglires; Primates; Haplorrhini; Catarrhini; Hominidae; Pongo,taxon:9600,atgcaatcatatgcttctgctatgttaagcgtattcaacagtgatgattacagtccagctgtgcaacagaatattcccgctctccggagaagctcttccttcatttgcactgaaagctataactctaagtatcagtgtgaaacgggagaaaacagtaaaggcagcgtccaggatagagtgaagcgacccatgaacgcattcatcgtgtggtctcgcgatcagaggcgcaagatggctctagagaatcccaaaatgcgaaactcagagatcagcaagcagctgggataccagtggaaaatgcttactgaagccgaaaaatggccattcttccaggaggcacagaaactacaggccatgcatagagagaaatacccgaattataagtatcgacctcgtcggaaggcgaagatgctgcagaagagttgcagttcgcttcccgcagatcccgcttcggtactctgcagcgaagtgctgcaactggacaacaggttgtacagggatgactgtacgaaagccacacactcaagactggagcaccagctaggccacttaccgcccatcaacacagccagctcaccgcagcaacgggaccgctacagccactcgacagagctgtacgacaatcgggtaacattggctacaaagacctacctagatgctgctttttacgataacttacagccctcactttcttatgtttag,CAA60143.1,MQSYASAMLSVFNSDDYSPAVQQNIPALRRSSSFICTESYNSKYQCETGENSKGSVQDRVKRPMNAFIVWSRDQRRKMALENPKMRNSEISKQLGYQWKMLTEAEKWPFFQEAQKLQAMHREKYPNYKYRPRRKAKMLQKSCSSLPADPASVLCSEVLQLDNRLYRDDCTKATHSRLEHQLGHLPPINTASSPQQRDRYSHSTELYDNRVTLATKTYLDAAFYDNLQPSLSYV
10,JF293178,gi|323530746|gb|JF293178.1|,"Pongo abelii sex-determining region Y protein (SRY) gene, partial cds",786,0.0,1145.52,693,87.786,JF293178.1,Pongo abelii,Eukaryota; Metazoa; Chordata; Craniata; Vertebrata; Euteleostomi; Mammalia; Eutheria; Euarchontoglires; Primates; Haplorrhini; Catarrhini; Hominidae; Pongo,taxon:9601,agggggtagactggttgggcggggttgagaggggtgttgggggcggagaaatgaaagtttcattacaaaagttaacgtaacaaagaatctggtagtagtgagttttggatagtaaaataagtttcgaactctggcacctttcaattttgtctcatcctccttgtttttcacaatgcaatcatatgcttctgctatgttaagcgtattcaacagtgatgattacagtccagctgtgcaacagaatattcccgctctccggagaagctcttccttcatttgcactgaaagctataactctaagtatcagtgtgaaacgggagaaaacagtaaaggcagcgtccaggatagagtgaagcgacccatgaacgcattcatcgtgtggtctcgcgatcagaggcgcaagatggctctagagaatcccaaaatgcgaaactcagagatcagcaagcagctgggataccagtggaaaatgcttactgaagccgaaaaatggccattcttccaggaggcacagaaactacaggccatgcatagagagaaatacccgaattataagtatcgacctcgtcggaaggcgaagatgctgcagaagagttgcagttcgcttcccgcagatcccgcttcggtactctgcagcgaagtgctgcaactggacaacaggttgtacagggatgactgtacgaaagccacacactcaagactggagcaccagctaggccacttaccgcccatcaacacagccagctcaccgcagcaacgggaccgctacagccactcgacagagct,ADX95829.1,MQSYASAMLSVFNSDDYSPAVQQNIPALRRSSSFICTESYNSKYQCETGENSKGSVQDRVKRPMNAFIVWSRDQRRKMALENPKMRNSEISKQLGYQWKMLTEAEKWPFFQEAQKLQAMHREKYPNYKYRPRRKAKMLQKSCSSLPADPASVLCSEVLQLDNRLYRDDCTKATHSRLEHQLGHLPPINTASSPQQRDRYSHSTEL
11,AB464705,gi|208968758|dbj|AB464705.1|,"Synthetic construct DNA, clone: pF1KB9646, Homo sapiens SRY gene for sex determining region Y, without stop codon, in Flexi system",629,0.0,1104.95,612,97.297,AB464705.1,synthetic construct,other sequences; artificial sequences,taxon:32630taxon:9606,gcgatcgccatgcaatcatatgcttctgctatgttaagcgtattcaacagcgatgattacagtccagctgtgcaagagaatattcccgctctccggagaagctcttccttcctttgcactgaaagctgtaactctaagtatcagtgtgaaacgggagaaaacagtaaaggcaacgtccaggatagagtgaagcgacccatgaacgcattcatcgtgtggtctcgcgatcagaggcgcaagatggctctagagaatcccagaatgcgaaactcagagatcagcaagcagctgggataccagtggaaaatgcttactgaagccgaaaaatggccattcttccaggaggcacagaaattacaggccatgcacagagagaaatacccgaattataagtatcgacctcgtcggaaggcgaagatgctgccgaagaattgcagtttgcttcccgcagatcccgcttcggtactctgcagcgaagtgcaactggacaacaggttgtacagggatgactgtacgaaagccacacactcaagaatggagcaccagctaggccacttaccgcccatcaacgcagccagctcaccgcagcaacgggaccgctacagccactggacaaagctggtttaaac,BAG74218.1,MQSYASAMLSVFNSDDYSPAVQENIPALRRSSSFLCTESCNSKYQCETGENSKGNVQDRVKRPMNAFIVWSRDQRRKMALENPRMRNSEISKQLGYQWKMLTEAEKWPFFQEAQKLQAMHREKYPNYKYRPRRKAKMLPKNCSLLPADPASVLCSEVQLDNRLYRDDCTKATHSRMEHQLGHLPPINAASSPQQRDRYSHWTKL
12,EU446863,gi|167773914|gb|EU446863.1|,"Synthetic construct Homo sapiens clone IMAGE:100070152; IMAGE:100012072; FLH257413.01L sex determining region Y (SRY) gene, encodes complete protein",655,0.0,1112.16,621,94.809,EU446863.1,synthetic construct,other sequences; artificial sequences,taxon:32630taxon:9606,gtacaaaaaagcaggctccaccatgcaatcatatgcttctgctatgttaagcgtattcaacagcgatgattacagtccagctgtgcaagagaatattcccgctctccggagaagctcttccttcctttgcactgaaagctgtaactctaagtatcagtgtgaaacgggagaaaacagtaaaggcaacgtccaggatagagtgaagcgacccatgaacgcattcatcgtgtggtctcgcgatcagaggcgcaagatggctctagagaatcccagaatgcgaaactcagagatcagcaagcagctgggataccagtggaaaatgcttactgaagccgaaaaatggccattcttccaggaggcacagaaattacaggccatgcacagagagaaatacccgaattataagtatcgacctcgtcggaaggcgaagatgctgccgaagaattgcagtttgcttcccgcagatcccgcttcggtactctgcagcgaagtgcaactggacaacaggttgtacagggatgactgtacgaaagccacacactcaagaatggagcaccagctaggccacttaccgcccatcaacgcagccagctcaccgcagcaacgggaccgctacagccactggacaaagctgttggacccagctttcttgtac,ABZ92392.1,MQSYASAMLSVFNSDDYSPAVQENIPALRRSSSFLCTESCNSKYQCETGENSKGNVQDRVKRPMNAFIVWSRDQRRKMALENPRMRNSEISKQLGYQWKMLTEAEKWPFFQEAQKLQAMHREKYPNYKYRPRRKAKMLPKNCSLLPADPASVLCSEVQLDNRLYRDDCTKATHSRMEHQLGHLPPINAASSPQQRDRYSHWTKL
13,X86382,gi|784984|emb|X86382.1|,G.gorilla SRY gene,615,0.0,1078.8,615,100.0,X86382.1,Gorilla gorilla,Eukaryota; Metazoa; Chordata; Craniata; Vertebrata; Euteleostomi; Mammalia; Eutheria; Euarchontoglires; Primates; Haplorrhini; Catarrhini; Hominidae; Gorilla,taxon:9593,atgcaatcatacgcttctgctatgttaagcgtattcaacagcgatgattacagtccagctgtgcaacagactattcccgctcaccggagaagctcttccttcctttgcactgaaagctgtaactctaagtatcagtgtgaaacgggagaaaacagtaaaggcagcgtccaggatcgagtgaagcgacccatgaacgcattcatcgtgtggtctcgcgatcagaggcgcaagatggctctagagaatcccagaatgcgaaactcagagatcagcaagcagctgggataccagtggaaaatgcttactgaagccgaaaaatggccattcttccaggaggcacagaaattacaggccatgcacagagagaaatacccgaattataagtatcgacctcgtcggaaggcgaagatgctgccgaagaattgcagtttgcttcccgcagatcccgcttcggtactctgcagcgaagtgcaactggacaaccggttgtacagggatgactgtacgaaagccacacactcaagaatggagcaccagctaggccacttaccgcccatcaacgcagccagctcaccgcagcaacgggaccgctacagccactggacaaagctgtag,CAA60142.1,MQSYASAMLSVFNSDDYSPAVQQTIPAHRRSSSFLCTESCNSKYQCETGENSKGSVQDRVKRPMNAFIVWSRDQRRKMALENPRMRNSEISKQLGYQWKMLTEAEKWPFFQEAQKLQAMHREKYPNYKYRPRRKAKMLPKNCSLLPADPASVLCSEVQLDNRLYRDDCTKATHSRMEHQLGHLPPINAASSPQQRDRYSHWTKL
