Accession,ID,Seq_length,Evalue,Bitscore,Tot_aln_span,Identity,Protein_ID,Taxid,Organism_name,Description,Prot_sequence
XP_024110665,ref|XP_024110665.1|,110,1.90514e-74,222.246,110,100.0,XP_024110665.1,9601,Pongo abelii,insulin isoform X2 [Pongo abelii],MALWMRLLPLLALLALWGPDPAQAFVNQHLCGSHLVEALYLVCGERGFFYTPKTRREAEDLQVGQVELGGGPGAGSLQPLALEGSLQKRGIVEQCCTSICSLYQLENYCN
XP_022363428,ref|XP_022363428.1|,109,9.26408e-51,162.155,110,100.0,XP_022363428.1,391180,Enhydra lutris kenyoni,insulin [Enhydra lutris kenyoni],MALWMRVLPLLALLALWAPAPTAAFVNQHLCGSHLVEALYLVCGERGFFYTPKARREAEDLQARDAELGGAPGEGGLALGLEGALQKRGIVEQCCTSICSLYQLENYCN
XP_034379025,ref|XP_034379025.1|,110,3.25544e-54,171.014,110,100.0,XP_034379025.1,61156,Arvicanthis niloticus,insulin-2 [Arvicanthis niloticus],MALWMRFLPLLALLVLWEPHPVQAFVKQHLCGPHLVEALYLVCGERGFFYTPKSRREVEDPQVAQLELDGGPGAGDLQTLALEVARQKRGIVDQCCTSICSLYQLENYCN
NP_001008996,ref|NP_001008996.1|,110,2.85985e-74,221.861,110,100.0,NP_001008996.1,9598,Pan troglodytes,insulin preproprotein [Pan troglodytes],MALWMRLLPLLVLLALWGPDPASAFVNQHLCGSHLVEALYLVCGERGFFYTPKTRREAEDLQVGQVELGGGPGAGSLQPLALEGSLQKRGIVEQCCTSICSLYQLENYCN
XP_036716824,ref|XP_036716824.1|,110,6.36177e-53,167.933,110,100.0,XP_036716824.1,9771,Balaenoptera musculus,insulin [Balaenoptera musculus],MALWMRLVPLLALLALWAPTPARAFVNQHLCGSHLVEALYLVCGERGFFYTPKARREVEGPQVGAVELGGGPGAGGLQPRALEGPPQKRGIVEQCCTSICSLYQLENYCN
XP_012507423,ref|XP_012507423.1|,110,1.99056e-52,166.777,110,100.0,XP_012507423.1,379532,Propithecus coquereli,PREDICTED: insulin [Propithecus coquereli],MALWTHLLPLLALLALWGPEPAPAFVNQHLCGSHLVEALYLVCGERGFFYTPKTRRELEEPQAGQVGPDGSLGAGGLQALALEGAPQKRGIVEQCCTSICSLYQLENYCN
XP_006141129,ref|XP_006141129.1|,110,4.43056e-61,188.348,110,100.0,XP_006141129.1,246437,Tupaia chinensis,insulin [Tupaia chinensis],MALWTRFLPLLALLALWGPEPAPAFVNQHLCGSHLVEALYLVCGERGFFYTPKTRREVEDSQVGQVELGGGPGAGSLQPLALEVPPQKRGIVEQCCTSICSLYQLENYCN
XP_006911039,ref|XP_006911039.1|,110,7.57578e-54,170.244,110,100.0,XP_006911039.1,9402,Pteropus alecto,insulin [Pteropus alecto],MALWTRLLPLLALLGLWAPTPAPAFVSQHLCGSHLVEALYLVCGERGFFYTPKARRELEGPQGGEVELGGGPGAGSRQALALEGPPQKRGIVDQCCTSICSLYQLENYCN
NP_001123565,ref|NP_001123565.1|,110,8.27061e-54,170.244,110,100.0,NP_001123565.1,9615,Canis lupus familiaris,insulin precursor [Canis lupus familiaris],MALWMRLLPLLALLALWAPAPTRAFVNQHLCGSHLVEALYLVCGERGFFYTPKARREVEDLQVRDVELAGAPGEGGLQPLALEGALQKRGIVEQCCTSICSLYQLENYCN
XP_038173309,ref|XP_038173309.1|,110,4.71666e-56,175.637,110,100.0,XP_038173309.1,1047088,Arvicola amphibius,insulin [Arvicola amphibius],MALWMRLLPLMALLVLWEPNPAQAFVNQHLCGSHLVEALYLVCGERGFFYTPKSRRGVEDPQVAQLELGGGPGAGDLQTLALEVAQQKRGIVDQCCTSICSLYQLENYCN
XP_004403859,ref|XP_004403859.1|,110,5.64578e-51,162.925,110,100.0,XP_004403859.1,9708,Odobenus rosmarus divergens,PREDICTED: insulin [Odobenus rosmarus divergens],MALWTHLLPLLALLALWAPAPSRAFVNQHLCGSHLVEALYLVCGERGFFYTPKARREVEDPQARDVELGGAPGMGGLQPLALEGALQKRGIVEQCCTSICSLYQLENYCN
XP_003281399,ref|XP_003281399.1|,110,2.89983e-73,219.164,110,100.0,XP_003281399.1,61853,Nomascus leucogenys,insulin isoform X2 [Nomascus leucogenys],MALWMRLLPLLALLALWGPDPAPAFVNQHLCGSHLVEALYLVCGERGFFYTPKTRREAEDPQVGQVELGGGPGAGSLQPLALEGSLQKRGIVEQCCTSICSLYQLENYCN
XP_034868296,ref|XP_034868296.1|,110,7.59138e-51,162.54,110,100.0,XP_034868296.1,9715,Mirounga leonina,insulin [Mirounga leonina],MALWTHLLPLLALLALWAPAPSRAFVNQHLCGSHLVEALYLVCGERGFFYTPKARREVEDPQARAVELGGAPGPGDLQPLALEGALQKRGIVEQCCTSICSLYQLENYCN
XP_008837426,ref|XP_008837426.1|,110,2.15842e-58,181.8,110,100.0,XP_008837426.1,1026970,Nannospalax galili,insulin isoform X1 [Nannospalax galili],MALWMRLLPLLALLAFWGPNPGQAFVNQHLCGSHLVEALYLVCGERGFFYTPKSRREVEDPQVGQMELPGGPGAGSPQSLALEAALQKRGIVDQCCTSICSLYQLENYCN
NP_001172012,ref|NP_001172012.1|,110,1.24107e-53,169.474,110,100.0,NP_001172012.1,10090,Mus musculus,insulin-2 preproprotein [Mus musculus],MALWMRFLPLLALLFLWESHPTQAFVKQHLCGSHLVEALYLVCGERGFFYTPMSRREVEDPQVAQLELGGGPGAGDLQTLALEVAQQKRGIVDQCCTSICSLYQLENYCN
XP_010329449,ref|XP_010329449.1|,108,3.65083e-52,166.007,110,100.0,XP_010329449.1,39432,Saimiri boliviensis boliviensis,insulin [Saimiri boliviensis boliviensis],MALWMHLLPLLALLALWGPEPAPAFVNQHLCGPHLVEALYLVCGERGFFYAPKTRREAEDPQVGQAELGGGSITGSLSSLEGLLQKRGVVDQCCTSICSLYQLQNYCN
ABB89749,gb|ABB89749.1|,110,1.90998e-59,184.496,110,100.0,ABB89749.1,10089,Mus caroli,preproinsulin 2 [Mus caroli],MALWMRFLPLVALLFLWESHPTQAFVKQHLCGSHLVEALYLVCGERGFFYTPMSRREVEDPQVAQLELGGGPGAGDLQTLALEVAQQKRGIVDQCCTSICSLYQLENYCN
XP_023039285,ref|XP_023039285.1|,110,3.42864e-72,216.468,110,100.0,XP_023039285.1,591936,Piliocolobus tephrosceles,insulin isoform X1 [Piliocolobus tephrosceles],MALWMRLLPLLALLALWGPDPVPAFVNQHLCGSHLVEALYLVCGERGFFYTPKTRREAEDPQVGQVELGGGPGTGSLQPLALEGSLQKRGIVEQCCTSICSLYQLENYCN
P01313,sp|P01313.2|,110,9.11982e-55,172.555,110,100.0,P01313.2,10030,Cricetulus longicaudatus,RecName: Full=Insulin; Contains: RecName: Full=Insulin B chain; Contains: RecName: Full=Insulin A chain; Flags: Precursor,MTLWMRLLPLLTLLVLWEPNPAQAFVNQHLCGSHLVEALYLVCGERGFFYTPKSRRGVEDPQVAQLELGGGPGADDLQTLALEVAQQKRGIVDQCCTSICSLYQLENYCN
XP_042815670,ref|XP_042815670.1|,110,2.98464e-53,168.703,110,100.0,XP_042815670.1,9694,Panthera tigris,insulin [Panthera tigris],MALWTRLLPLLALLSLWTPAPTRAFVNQHLCGSHLVEALYLVCGERGFFYTPKARREAEDLQGKDVELGEAPGAGGLQPSALEAPLQKRGIVEQCCASVCSLYQLEHYCN
XP_032269837,ref|XP_032269837.1|,110,4.89561e-51,162.925,110,100.0,XP_032269837.1,9720,Phoca vitulina,insulin [Phoca vitulina],MAIWTHLLPLLALLALWAPAPSRAFVNQHLCGSHLVEALYLVCGERGFFYTPKARREVEDPQARDVELGGAPGTGGLQPLALEGALQKRGIVEQCCTSICSLYQLENYCN
XP_035119627,ref|XP_035119627.1|,108,4.34748e-53,168.318,110,100.0,XP_035119627.1,9483,Callithrix jacchus,insulin [Callithrix jacchus],MAPWMPLLPLLALLALWGPEPAPAFVNQHLCGPHLVEALYLVCGERGFFYAPKTRREAEDLQVGQVELGGGSITGSLPALEGPLQKRGVVDQCCTSICSLYQLQNYCN
XP_003909425,ref|XP_003909425.2|,110,1.00262e-72,218.009,110,100.0,XP_003909425.2,9555,Papio anubis,insulin isoform X2 [Papio anubis],MALWMRLLPLLALLALWGPDPVPAFVNQHLCGSHLVEALYLVCGERGFFYTPKTRREAEDPQVGQVELGGGPGAGSLQPLALEGSLQKRGIVEQCCTSICSLYQLENYCN
NP_062003,ref|NP_062003.1|,110,8.63308e-55,172.555,110,100.0,NP_062003.1,10116,Rattus norvegicus,insulin-2 preproprotein [Rattus norvegicus],MALWIRFLPLLALLILWEPRPAQAFVKQHLCGSHLVEALYLVCGERGFFYTPMSRREVEDPQVAQLELGGGPGAGDLQTLALEVARQKRGIVDQCCTSICSLYQLENYCN
XP_032124369,ref|XP_032124369.1|,108,1.58305e-54,171.785,110,100.0,XP_032124369.1,9515,Sapajus apella,insulin [Sapajus apella],MALWMHLLPLLGLLALWGPEPAPAFVNQHLCGPHLVEALYLVCGERGFFYAPKTRREAEDLQVGQVELGGGSITGSLPPLEGPLQKRGVVDQCCTSICSLYQLQNYCN
XP_032009711,ref|XP_032009711.1|,110,9.80844e-73,218.009,110,100.0,XP_032009711.1,81572,Hylobates moloch,insulin isoform X2 [Hylobates moloch],MTLWMRLLPLLALLALWGPDPAPAFVNQHLCGSHLVEALYLVCGERGFFYTPKTRREAEDPQVGQVELGGGPGAGSLQPLALEGSLQKRGIVEQCCTSICSLYQLENYCN
XP_003798420,ref|XP_003798420.1|,110,2.21754e-54,171.4,110,100.0,XP_003798420.1,30611,Otolemur garnettii,insulin isoform X1 [Otolemur garnettii],MAVWMRLLPLLALLALWGPEPAPAFVNQHLCGSHLVEALYLVCGERGFFYTPKARRDTEDPQVGQVGLGGSPITGDLQSLALDVPPQKRGIVEQCCTSICSLYQLENYCN
XP_019292555,ref|XP_019292555.1|,110,1.18876e-52,167.162,110,100.0,XP_019292555.1,9691,Panthera pardus,PREDICTED: insulin [Panthera pardus],MALWTRLLPLLALLSLWTPAPTRAFVNQHLCGSHLVEALYLVCGERGFFYTPKARREAEDLQGKDAELGEAPGAGGLQPSALEAPLQKRGIVEQCCASVCSLYQLEHYCN
XP_041578098,ref|XP_041578098.1|,110,2.42316e-53,169.088,110,100.0,XP_041578098.1,494514,Vulpes lagopus,insulin [Vulpes lagopus],MALWMRLLPLLALLALWAPAPTRAFVNQHLCGSHLVEALYLVCGERGFFYTPKARREVEDLQVRDVDLAGAPGEGGLQPLALEGALQKRGIVEQCCTSICSLYQLENYCN
XP_040322184,ref|XP_040322184.1|,110,1.18876e-52,167.162,110,100.0,XP_040322184.1,1608482,Puma yagouaroundi,insulin [Puma yagouaroundi],MALWTRLLPLLVLLSLWTPAPTRAFVNQHLCGSHLVEALYLVCGERGFFYTPKARREAEDLQGKDAELGEAPGAGGLQPSALEAPLQKRGIVEQCCASVCSLYQLEHYCN
Q62587,sp|Q62587.1|,110,5.0014e-52,165.622,110,100.0,Q62587.1,48139,Psammomys obesus,RecName: Full=Insulin; Contains: RecName: Full=Insulin B chain; Contains: RecName: Full=Insulin A chain; Flags: Precursor,MALWMRLLPLLAFLILWEPSPAHAFVNQHLCGSHLVEALYLVCGERGFFYTPKFRRGVDDPQMPQLELGGSPGAGDLRALALEVARQKRGIVEQCCTGICSLYQLENYCN
NP_001353985,ref|NP_001353985.1|,110,4.93396e-55,173.326,110,100.0,NP_001353985.1,9986,Oryctolagus cuniculus,insulin precursor [Oryctolagus cuniculus],MAPWPRLLPLLALLVLCRPDPAQAFVNQHLCGSHLVEALYLVCGERGFFYTPKSRREVEELQVGQAELGGGPDAGGLQPSALELALQKRGIVEQCCTSICSLYQLENYCN
ABB89746,gb|ABB89746.1|,110,5.04854e-54,170.629,110,100.0,ABB89746.1,357352,Niviventer coninga,preproinsulin 1 [Niviventer coninga],MALWMRFLPLLALLVLWEPNPAQAFVKQHLCGPHLVEALYLVCGERGFFYTPKSRREVEDPQVAQLELGEGPEAGDLQTLALEVARQKRGIVDQCCTSICSLYQLENYCN
XP_006977353,ref|XP_006977353.1|,110,8.07403e-56,175.252,110,100.0,XP_006977353.1,230844,Peromyscus maniculatus bairdii,insulin [Peromyscus maniculatus bairdii],MALWMRLLPLLALLVLWEPKPAQAFVNQHLCGSHLVEALYLVCGERGFFYTPKSRRGVEDPQVAQLELGGGPGAGDLQTLALEVAQQKRGIVDQCCTSICSLYQLENYCN
XP_011785466,ref|XP_011785466.1|,98,5.51297e-53,167.548,110,100.0,XP_011785466.1,336983,Colobus angolensis palliatus,PREDICTED: insulin isoform X3 [Colobus angolensis palliatus],MALWMRLLPLLALLALWGPDPVPAFVNQHLCGSHLVEALYLVCGERGFFYTPKTRREAEDPQGSLQPLALEGSLQKRGIVEQCCTSICSLYQLENYCN
XP_021540854,ref|XP_021540854.1|,110,1.8658e-50,161.77,110,100.0,XP_021540854.1,29088,Neomonachus schauinslandi,insulin [Neomonachus schauinslandi],MALWTHLLPLLALLALWAPAPSRAFVNQHLCGSHLVEALYLVCGERGFFYTPKARREVEDPQARALELGGAPGTGGLQPLALEGALQKRGIVEQCCTSICSLYQLENYCN
XP_028642854,ref|XP_028642854.1|,110,3.48002e-53,168.318,110,100.0,XP_028642854.1,491861,Grammomys surdaster,insulin-2 [Grammomys surdaster],MALWMRFLPLLVLLFLWEPLPAKAFVKQHLCGSHLVEALYLVCGERGFFYTPMSRREVVDPQVAQLELGGGPGTGDLQTLALEVAQQKRGIVDQCCTSICSLYQLENYCN
NP_000198,ref|NP_000198.1|,110,4.00741e-75,223.787,110,100.0,NP_000198.1,9606,Homo sapiens,insulin preproprotein [Homo sapiens],MALWMRLLPLLALLALWGPDPAAAFVNQHLCGSHLVEALYLVCGERGFFYTPKTRREAEDLQVGQVELGGGPGAGSLQPLALEGSLQKRGIVEQCCTSICSLYQLENYCN
XP_039081000,ref|XP_039081000.1|,110,1.22853e-52,167.162,110,100.0,XP_039081000.1,95912,Hyaena hyaena,insulin [Hyaena hyaena],MALWTRLLPLLALLALWTPAPTHAFVNQHLCGSHLVEALYLVCGERGFFYTPKARREAEDPQARDVELGGAPSAGGLQPPAPGGPLRKRGIVEQCCTSICSLYQLENYCN
XP_019522928,ref|XP_019522928.1|,110,2.45176e-52,166.392,110,100.0,XP_019522928.1,186990,Hipposideros armiger,PREDICTED: insulin [Hipposideros armiger],MALWMRLVPLLALLALWTPAPARAFVNQHLCGSHLVEALYLVCGERGFFYTPKARRELEDPQAGQAELGGGPGTGGLQSLALEGPPQKRGIVDQCCTSICSLYQLENYCN
XP_020024407,ref|XP_020024407.1|,110,2.79832e-51,163.696,110,100.0,XP_020024407.1,51338,Castor canadensis,insulin [Castor canadensis],MALWTRLLPLLGLLALWGPDPAQAFVNQHLCGSHLVEALYLVCGERGFFYTPKSRREVEDPQVGQMELGGGPGVGGPQSLALEVAPQKRGIVDQCCTSICSLYQLENYCN
XP_031240877,ref|XP_031240877.1|,110,1.59397e-55,174.481,110,100.0,XP_031240877.1,35658,Mastomys coucha,insulin-1 [Mastomys coucha],MALWMRFLPLLALLILWEPNPAQAFVKQHLCGPHLVEALYLVCGERGFFYTPKSRREVEDPQVEQLELGGGPGAGDLQTLALEVARQKRGIVDQCCTSICSLYQLENYCN
XP_012311615,ref|XP_012311615.1|,108,1.58305e-54,171.785,110,100.0,XP_012311615.1,37293,Aotus nancymaae,insulin [Aotus nancymaae],MALWMHLLPLLALLALWGPEPAPAFVNQHLCGPHLVEALYLVCGERGFFYAPKTRREAEDLQVGQVELGGGSITGSLPPLEGPLQKRGVVDQCCTSICSLYQLQNYCN
XP_017743290,ref|XP_017743290.1|,147,3.19231e-72,218.009,110,74.83,XP_017743290.1,61621,Rhinopithecus bieti,PREDICTED: insulin isoform X2 [Rhinopithecus bieti],MAGLLKRLGVNPGTPGQGTWPSASLRPACLPGHCPSAMALWMRLLPLLALLALWGPDPVPAFVNQHLCGSHLVEALYLVCGERGFFYTPKTRREAEDPQVGQVELGGGPGAGSLQPLALEGSLQKRGIVEQCCTSICSLYQLENYCN
XP_011719621,ref|XP_011719621.1|,98,1.18652e-53,169.088,110,100.0,XP_011719621.1,9545,Macaca nemestrina,insulin isoform X2 [Macaca nemestrina],MALWMRLLPLLALLALWGPDPAPAFVNQHLCGSHLVEALYLVCGERGFFYTPKTRREAEDPQGSLQPLALEGSLQKRGIVEQCCTSICSLYQLENYCN
NP_001009272,ref|NP_001009272.1|,110,2.79832e-51,163.696,110,100.0,NP_001009272.1,9685,Felis catus,insulin precursor [Felis catus],MAPWTRLLPLLALLSLWIPAPTRAFVNQHLCGSHLVEALYLVCGERGFFYTPKARREAEDLQGKDAELGEAPGAGGLQPSALEAPLQKRGIVEQCCASVCSLYQLEHYCN
XP_032748073,ref|XP_032748073.1|,110,3.15865e-60,186.422,110,100.0,XP_032748073.1,10117,Rattus rattus,insulin-1 [Rattus rattus],MALWMRFLPLLALLVVWEPKPAQAFVKQHLCGPHLVEALYLVCGERGFFYTPKSRREVEDPQVPQLELGGGPEAGDLQTLALEVARQKRGIVDQCCTSICSLYQLENYCN
P67972,sp|P67972.1|,108,2.42829e-54,171.4,110,100.0,P67972.1,9505,Aotus trivirgatus,RecName: Full=Insulin; Contains: RecName: Full=Insulin B chain; Contains: RecName: Full=Insulin A chain; Flags: Precursor,MALWMHLLPLLALLALWGPEPAPAFVNQHLCGPHLVEALYLVCGERGFFYAPKTRREAEDLQVGQVELGGGSITGSLPPLEGPMQKRGVVDQCCTSICSLYQLQNYCN
XP_029770545,ref|XP_029770545.1|,110,2.17542e-50,161.384,110,100.0,XP_029770545.1,37032,Suricata suricatta,insulin [Suricata suricatta],MALWTRLLPLLALLALWAPAPARGFVNQHLCGSHLVEALYLVCGERGFFYTPKARREAGDLQVRDVELGAAPGAGGLQPSALEGPLQKRGIVDQCCTSICSLYQLENYCN
XP_007466015,ref|XP_007466015.1|,110,1.24891e-57,179.874,110,100.0,XP_007466015.1,118797,Lipotes vexillifer,PREDICTED: insulin [Lipotes vexillifer],MALWMRLVPLLALLALWAPTPARAFVSQHLCGSHLVEALYLVCGERGFFYAAKARREVEGPQVGAVELGGGPGAGSLQPPALEGPPQKRGIVEQCCTSICSLYQLENYCN
XP_003508128,ref|XP_003508128.1|,110,7.00089e-56,175.252,110,100.0,XP_003508128.1,10029,Cricetulus griseus,insulin [Cricetulus griseus],MALWMRLLPLLALLALWEPNPAQAFVNQHLCGSHLVEALYLVCGERGFFYTPKSRRGVEDPQVTQLELGGGPGAGDLQTLALEVAQQKRGIVDQCCTSICSLYQLENYCN
ABB89752,gb|ABB89752.1|,110,4.71666e-56,175.637,110,100.0,ABB89752.1,100899,Microtus kikuchii,preproinsulin [Microtus kikuchii],MALWMRLLPLLALLVLWEPNPAQAFVNQHLCGSHLVEALYLVCGERGFFYTPKSRRGVEDPQVAQLELGGGPGAGDLQTLALEVAQQKRGIVDQCCTSICSLYQLENYCN
XP_004852149,ref|XP_004852149.1|,110,3.97637e-50,160.614,110,100.0,XP_004852149.1,10181,Heterocephalus glaber,insulin [Heterocephalus glaber],MALWMRLLAVLALLALWRPDTAQAFVNRHLCGSHLVEALYLVCGDNGFFYTPKERRELENLQVGQAEPGMGLEAGGLQPLAQELALQKRGIVDQCCNSICSLYQLQNYCN
XP_043437955,ref|XP_043437955.1|,110,1.18876e-52,167.162,110,100.0,XP_043437955.1,37029,Prionailurus bengalensis,insulin [Prionailurus bengalensis],MALWTRLLPLLALLCLWTPAPTRAFVNQHLCGSHLVEALYLVCGERGFFYTPKARREAEDLQGKDAELGEAPGAGGLQPSALEAPLQKRGIVEQCCASVCSLYQLEHYCN
XP_018891846,ref|XP_018891846.1|,98,4.63104e-63,192.971,110,100.0,XP_018891846.1,9595,Gorilla gorilla gorilla,insulin isoform X2 [Gorilla gorilla gorilla],MALWMRLLPLLALLALWGPDPAAAFVNQHLCGSHLVEALYLVCGERGFFYTPKTRREAEDLQGSLQPLALEGSLQKRGIVEQCCTSICSLYQLENYCN
NP_001269184,ref|NP_001269184.1|,110,2.65015e-50,161.384,110,100.0,NP_001269184.1,43179,Ictidomys tridecemlineatus,insulin precursor [Ictidomys tridecemlineatus],MALWTRLLPLLALLALLGPDPAQAFVNQHLCGSHLVEALYLVCGERGFFYTPKSRREVEEQQGGQVELGGGPGAGLPQPLALEMALQKRGIVEQCCTSICSLYQLENYCN
XP_025211013,ref|XP_025211013.1|,110,1.26611e-71,214.927,110,100.0,XP_025211013.1,9565,Theropithecus gelada,insulin isoform X4 [Theropithecus gelada],MALWMRLLPLLALLALWGPDSVPAFVNQHLCGSHLVEALYLVCGERGFFYTPKTRREAEDPQVGQVELGGGPGAGSLQPLALEGSLQKRGIVEQCCTSICSLYQLENYCN
XP_008002825,ref|XP_008002825.1|,144,1.28385e-72,218.779,110,76.389,XP_008002825.1,60711,Chlorocebus sabaeus,insulin isoform X2 [Chlorocebus sabaeus],MGSETIKPVGAQQPSTLRDGCIRRGQQAGHCPSAMALWMRLLPLLALLALWGPDPVPAFVNQHLCGSHLVEALYLVCGERGFFYTPKTRREAEDPQVGQVELGGGPGAGSLQPLALEGSLQKRGIVEQCCTSICSLYQLENYCN
XP_012968060,ref|XP_012968060.1|,110,9.11982e-55,172.555,110,100.0,XP_012968060.1,10036,Mesocricetus auratus,insulin [Mesocricetus auratus],MTLWMRLLPLLALLVLWEPNPAQAFVNQHLCGSHLVEALYLVCGERGFFYTPKSRRGVEDPQVAQLELGGGPGADDLQTLALEVAQQKRGIVDQCCTSICSLYQLENYCN
QIH29510,gb|QIH29510.1|,110,2.3724e-52,166.392,110,100.0,QIH29510.1,27615,Kogia breviceps,preproinsulin [Kogia breviceps],MALWMRLVPLLALLALWAPSPARAFVNQHLCGSHLVEALYLVCGERGFFYTPKARREVEGPQAGDVELGGGPGAGGLQPPALEGRPQKRGIVEQCCTSICSLYQLENYCN
ACC68945,gb|ACC68945.1|,110,4.63439e-51,163.31,110,100.0,ACC68945.1,59479,Rhinolophus ferrumequinum,proinsulin precursor (predicted) [Rhinolophus ferrumequinum],MALWMRLLPLLALLALWTPAPAQAFVNQHLCGSHLVEALYLVCGERGFFYTPKARREVEDPQAGQVELGGGPGTGGLQSLALEGPPQKRGIVDQCCTSICSLYQLENYCN
ABB89748,gb|ABB89748.1|,110,1.47615e-55,174.481,110,100.0,ABB89748.1,105299,Apodemus semotus,preproinsulin 2 [Apodemus semotus],MALWMRFLPLLVLLFLWEPNPAQAFVKQHLCGSHLVEALYLVCGERGFFYTPMSRREVEDPQVAQLELGGGPGAGDLQTLALEVARQKRGIVDQCCTSICSLYQLENYCN
XP_005351628,ref|XP_005351628.2|,110,2.14346e-55,174.096,110,100.0,XP_005351628.2,79684,Microtus ochrogaster,insulin [Microtus ochrogaster],MALWMRLLPLLALLVLWEPNPAQAFVNQHLCGSHLVEALYLVCGERGFFYTPKSRRGVENPQVAQLELGGGPGAGDLQTLALEVAQQKRGIVDQCCTSICSLYQLENYCN
ABB89743,gb|ABB89743.1|,110,1.27266e-59,184.882,110,100.0,ABB89743.1,69075,Rattus losea,preproinsulin 1 [Rattus losea],MALWMRFLPLLALLVVWEPKPAQAFVKQHLCGPHLVEALYLVCGERGFFYTPKSRREVEDPQVPQLELGGSPEAGDLQTLALEVARQKRGIVDQCCTSICSLYQLENYCN
XP_021490460,ref|XP_021490460.1|,110,5.8916e-53,167.933,110,100.0,XP_021490460.1,10047,Meriones unguiculatus,insulin isoform X2 [Meriones unguiculatus],MALWMRLLPLLAFLILWEPTPAHAFVNQHLCGSHLVEALYLVCGERGFFYTPKFRRGVEDPQMPQLELGGSPGAGDLQALALEVARQKRGIVEQCCTGICSLYQLENYCN
XP_011896559,ref|XP_011896559.1|,110,2.52131e-72,216.853,110,100.0,XP_011896559.1,9531,Cercocebus atys,PREDICTED: insulin [Cercocebus atys],MALWMRLLPLLALLALWGPDPVPAFVNQHLCGSHLVEALYLVCGERGFFYTPKTRREAEDPQVGQVELGGGPGAGSLQPLSLEGSLQKRGIVEQCCTSICSLYQLENYCN
XP_021060484,ref|XP_021060484.1|,110,3.11569e-54,171.014,110,100.0,XP_021060484.1,10093,Mus pahari,insulin-2 [Mus pahari],MALWMRFLPLLALLFLWESHPAQAFVKQHLCGSHLVEALYLVCGERGFFYTPMSRREVEDPQVAQLELGGGPGAGDLQTLALEVARQKRGIVDQCCTSICSLYQLENYCN
